Sequence	Count	Obs/Exp Overall	Obs/Exp Max	Max Obs/Exp Position
TTTTT	5660	3.0379155	4.0367236	14
GCTGG	3895	2.8816206	5.0417485	37
GCGCG	2715	2.1425335	5.0069747	10
