Sequence	Count	Obs/Exp Overall	Obs/Exp Max	Max Obs/Exp Position
TTTTT	6225	3.3032184	4.488337	2
CTGGC	3900	2.771571	5.0114756	19
GCGGC	2635	2.0191922	5.2221107	38
